{
    "Aberdeen": {
        "locate": [
            "Aberdeenshire ",
            "Aberdeen Aberdeenshire",
            "Aberdeen Airport Aberdeen, Aberdeenshire"
        ],
        "google": [
            "Aberdeen",
            "Aberdeenshire",
            "Aberdeen City",
            "Westhill",
            "Alford"
        ]
    },
    "Ayr": {
        "locate": [
            "Ayrshire ",
            "Ayr Ayrshire",
            "Ayr St. Ives, Cornwall",
            "Ayr Central Ayr, Ayrshire",
            "Aylesford Kent"
        ],
        "google": [
            "Ayr",
            "Ayr, Saint Ives",
            "Dunlop, Kilmarnock",
            "Troon",
            "Dundonald"
        ]
    },
    "Ballymena": {
        "locate": [
            "Ballymena County Antrim"
        ],
        "google": [
            "Ballymena"
        ]
    },
    "Banbury": {
        "locate": [
            "Banbury Oxfordshire",
            "Hanbury Burton-On-Trent, Staffordshire",
            "Bunbury Tarporley, Cheshire",
            "Hanbury Bromsgrove, Worcestershire",
            "Badbury Swindon, Wiltshire"
        ],
        "google": [
            "Banbury",
            "Bunbury, Tarporley"
        ]
    },
    "Barnsley": {
        "locate": [
            "Barnsley South Yorkshire",
            "Barnsley Cirencester, Gloucestershire",
            "Barnsley Bridgnorth, Shropshire",
            "Barnsley Wimborne, Dorset",
            "Bardsley Oldham, Greater Manchester"
        ],
        "google": [
            "Barnsley",
            "Barnsley, Cirencester",
            "Barnsley, Bridgnorth"
        ]
    },
    "Barnstaple": {
        "locate": [
            "Barnstaple Devon",
            "Barnstaple Cross Crediton, Devon"
        ],
        "google": [
            "Barnstaple"
        ]
    },
    "Basildon": {
        "locate": [
            "Basildon Essex",
            "Baildon Shipley, West Yorkshire"
        ],
        "google": [
            "Basildon",
            "Basildon, Reading"
        ]
    },
    "Basingstoke": {
        "locate": [
            "Basingstoke Hampshire"
        ],
        "google": [
            "Basingstoke"
        ]
    },
    "Bath": {
        "locate": [
            "Bath Avon",
            "Bathford Bath, Avon",
            "Bathwick Bath, Avon",
            "Batheaston Bath, Avon",
            "Bathampton Bath, Avon"
        ],
        "google": [
            "Bath",
            "Bathgate",
            "Bathampton, Bath",
            "Batheaston",
            "Bathford"
        ]
    },
    "Bedford": {
        "locate": [
            "Bedfordshire ",
            "Bedford Bedfordshire",
            "Edford Radstock, Avon",
            "Belford Northumberland",
            "Bidford-On-Avon Alcester, Warwickshire"
        ],
        "google": [
            "Bedford",
            "Ireland, Shefford",
            "Sandy",
            "Bidford-on-Avon, Alcester",
            "Carlton, Bedford"
        ]
    },
    "Belfast": {
        "locate": [
            "Belfast County Antrim"
        ],
        "google": [
            "Belfast"
        ]
    },
    "Bexleyheath": {
        "locate": [
            "Bexleyheath Kent"
        ],
        "google": [
            "Bexleyheath"
        ]
    },
    "Birkenhead": {
        "locate": [
            "Birkenhead Merseyside"
        ],
        "google": [
            "Birkenhead"
        ]
    },
    "Birmingham": {
        "locate": [
            "Birmingham West Midlands",
            "Birmingham Business Park Birmingham, West Midlands",
            "Birmingham Airport Birmingham, West Midlands",
            "Birlingham Pershore, Worcestershire"
        ],
        "google": [
            "Birmingham",
            "Barningham, Norwich",
            "Hollywood"
        ]
    },
    "Blackburn": {
        "locate": [
            "Blackburn Lancashire",
            "Blackburn Bathgate, West Lothian",
            "Blackburn Aberdeen, Aberdeenshire",
            "Blackburn Road Industrial Estate Coventry, West Midlands"
        ],
        "google": [
            "Blackburn",
            "Blackburn, Bathgate",
            "Blackburn, Aberdeen",
            "Blackburn with Darwen"
        ]
    },
    "Blackpool": {
        "locate": [
            "Blackpool Lancashire",
            "Blackpool Dartmouth, Devon",
            "Blackpool Bridge Narberth, Dyfed",
            "Blackpool Corner Axminster, Devon",
            "Blackpool & Fylde Industrial Estate Blackpool, Lancashire"
        ],
        "google": [
            "Blackpool",
            "Blackpool, Dartmouth",
            "Blackpool Gate, Carlisle",
            "Blackpool Corner, Axminster",
            "Blackpool, Narberth"
        ]
    },
    "Bolton": {
        "locate": [
            "Bolton Greater Manchester",
            "Boltongate Wigton, Cumbria",
            "Bolton Percy York, North Yorkshire",
            "Bolton Alnwick, Northumberland",
            "Bolton By Bowland Clitheroe, Lancashire"
        ],
        "google": [
            "Bolton",
            "Bolton Abbey, Skipton",
            "Bolton upon Dearne",
            "Bolton-le-Sands",
            "Bolton by Bowland, Clitheroe"
        ]
    },
    "Bournemouth": {
        "locate": [
            "Bournemouth Dorset",
            "Bournemouth International Airport Christchurch, Dorset"
        ],
        "google": [
            "Bournemouth"
        ]
    },
    "Bracknell": {
        "locate": [
            "Bracknell Berkshire"
        ],
        "google": [
            "Bracknell"
        ]
    },
    "Bradford": {
        "locate": [
            "Bradford-On-Avon Wiltshire",
            "Bradford West Yorkshire",
            "Bradford Leigh Bradford-On-Avon, Wiltshire",
            "Bradford On Tone Taunton, Somerset",
            "Bradford Holsworthy, Devon"
        ],
        "google": [
            "Bradford",
            "Bradford-on-Avon",
            "Bradford Abbas, Sherborne",
            "Bradford, Manchester",
            "Bradford-on-Tone, Taunton"
        ]
    },
    "Brighton": {
        "locate": [
            "Brighton East Sussex",
            "Brighton-Le-Sands Liverpool, Merseyside",
            "Brighton Marina Village Brighton, East Sussex",
            "Brighton Street Industrial Estate Hull, North Humberside",
            "Brightons Falkirk, Stirlingshire"
        ],
        "google": [
            "Brighton Marina, Brighton and Hove",
            "Brighton and Hove",
            "Brightons, Falkirk",
            "Brighton, Truro",
            "Brighton le Sands, Liverpool"
        ]
    },
    "Bristol": {
        "locate": [
            "Bristol Avon",
            "Bristol International Airport Bristol, Avon",
            "Briston Melton Constable, Norfolk"
        ],
        "google": [
            "Bristol",
            "Bristol City"
        ]
    },
    "Bromley": {
        "locate": [
            "Bromley Kent",
            "Bromley Bridgnorth, Shropshire",
            "Bromley Cross Bolton, Greater Manchester",
            "Bromley Hayes Lichfield, Staffordshire",
            "Bromley Sheffield, South Yorkshire"
        ],
        "google": [
            "Bromley",
            "Bromley By Bow, London",
            "Bromley Cross, Bolton",
            "Bromley Common, Bromley",
            "Bromley Green, Ashford"
        ]
    },
    "Burnley": {
        "locate": [
            "Burnley Lancashire",
            "Burley Oakham, Rutland",
            "Burley Craven Arms, Shropshire",
            "Burley Woodhead Ilkley, West Yorkshire",
            "Burley Leeds, West Yorkshire"
        ],
        "google": [
            "Burnley",
            "Burnley Lane, Burnley"
        ]
    },
    "Burton-on-Trent": {
        "locate": [
            "Trentham Stoke-On-Trent, Staffordshire",
            "Trent Vale Stoke-On-Trent, Staffordshire",
            "Trent Sherborne, Dorset",
            "Trent Lane Industrial Estate Derby, Derbyshire",
            "Burton-On-Trent Staffordshire"
        ],
        "google": [
            "Burton-on-Trent"
        ]
    },
    "Bury": {
        "locate": [
            "Burry Port Dyfed",
            "Bury Greater Manchester",
            "Bury St. Edmunds Suffolk",
            "Bury Pulborough, West Sussex",
            "Buryas Bridge Penzance, Cornwall"
        ],
        "google": [
            "Bury St Edmunds, Bury Saint Edmunds",
            "Bury",
            "Bury, Huntingdon",
            "Bury, Pulborough",
            "Burythorpe, Malton"
        ]
    },
    "Bury St Edmunds": {
        "locate": [
            "Bury St. Edmunds Suffolk"
        ],
        "google": [
            "Bury St Edmunds, Bury Saint Edmunds"
        ]
    },
    "Camberley": {
        "locate": [
            "Camberley Surrey",
            "Amberley Arundel, West Sussex",
            "Amberley Stroud, Gloucestershire"
        ],
        "google": [
            "Camberley"
        ]
    },
    "Cambridge": {
        "locate": [
            "Cambridgeshire ",
            "Cambridge Cambridgeshire",
            "Cambridge Biomedical Campus Cambridge, Cambridgeshire",
            "Cambridge Gloucester, Gloucestershire",
            "Combridge Uttoxeter, Staffordshire"
        ],
        "google": [
            "Cambridge",
            "Cambridgeshire",
            "Cambridge, Gloucester"
        ]
    },
    "Canterbury": {
        "locate": [
            "Canterbury Kent"
        ],
        "google": [
            "Canterbury",
            "Canterbury, Banff"
        ]
    },
    "Cardiff": {
        "locate": [
            "Cardiff South Glamorgan",
            "Cardiff Gate Business Park Cardiff, South Glamorgan"
        ],
        "google": [
            "Cardiff"
        ]
    },
    "Carlisle": {
        "locate": [
            "Carlisle Cumbria",
            "Carlisle Lake District Airport Carlisle, Cumbria",
            "Carlisle Airport Carlisle, Cumbria"
        ],
        "google": [
            "Carlisle",
            "Port Carlisle, Wigton"
        ]
    },
    "Chatham": {
        "locate": [
            "Chatham Kent",
            "Coatham Mundeville Darlington, County Durham",
            "Chartham Hatch Canterbury, Kent",
            "Chartham Canterbury, Kent"
        ],
        "google": [
            "Chatham"
        ]
    },
    "Chelmsford": {
        "locate": [
            "Chelmsford Essex"
        ],
        "google": [
            "Chelmsford"
        ]
    },
    "Cheltenham": {
        "locate": [
            "Cheltenham Gloucestershire",
            "Cheltenham Trade Park Cheltenham, Gloucestershire"
        ],
        "google": [
            "Cheltenham"
        ]
    },
    "Chester": {
        "locate": [
            "Chester Cheshire",
            "Chester Le Street County Durham",
            "Chesterfield Derbyshire",
            "Chester Business Park Chester, Cheshire",
            "Chesters Hawick, Roxburghshire"
        ],
        "google": [
            "Chester",
            "Chesterfield",
            "Chester-le-Street",
            "Chesterton, Newcastle",
            "Chesterton, Bicester"
        ]
    },
    "Chesterfield": {
        "locate": [
            "Chesterfield Derbyshire"
        ],
        "google": [
            "Chesterfield",
            "Chesterfield, Lichfield"
        ]
    },
    "Clydebank": {
        "locate": [
            "Clydebank Dunbartonshire",
            "Clydebank Business Park Clydebank, Dunbartonshire"
        ],
        "google": [
            "Clydebank"
        ]
    },
    "Colchester": {
        "locate": [
            "Colchester Essex",
            "Colchester Business Park Colchester, Essex"
        ],
        "google": [
            "Colchester",
            "Colchester Green, Bury Saint Edmunds"
        ]
    },
    "Corby": {
        "locate": [
            "Corby Northamptonshire",
            "Corby Hill Carlisle, Cumbria",
            "Corby Glen Grantham, Lincolnshire",
            "Corbridge Northumberland",
            "Corbet Banbridge, County Down"
        ],
        "google": [
            "Corby",
            "Corby Glen, Grantham",
            "Corby Hill, Carlisle"
        ]
    },
    "Coventry": {
        "locate": [
            "Coventry West Midlands",
            "Coventry Walsgrave Triangle Coventry, West Midlands"
        ],
        "google": [
            "Coventry",
            "Covent Garden, London"
        ]
    },
    "Craigavon": {
        "locate": [
            "Craigavon County Armagh"
        ],
        "google": [
            "Craigavon"
        ]
    },
    "Crawley": {
        "locate": [
            "Crawley West Sussex",
            "Crawley Down Crawley, West Sussex",
            "Crawley Winchester, Hampshire",
            "Crawley Witney, Oxfordshire",
            "Cradley Heath West Midlands"
        ],
        "google": [
            "Crawley",
            "Crawley Down",
            "Crawley, Winchester",
            "Crawley, Witney",
            "Crawleyside, Bishop Auckland"
        ]
    },
    "Croydon": {
        "locate": [
            "Croydon Surrey",
            "Croydon Royston, Hertfordshire",
            "Roydon Diss, Norfolk",
            "Roydon Harlow, Essex",
            "Roydon Mill Harlow, Essex"
        ],
        "google": [
            "Croydon",
            "Croydon, Royston",
            "Croydon Theas"
        ]
    },
    "Cwmbran": {
        "locate": [
            "Cwmbran Gwent"
        ],
        "google": [
            "Cwmbran",
            "Cwmbrân Uchaf, Cwmbran"
        ]
    },
    "Darlington": {
        "locate": [
            "Darlington County Durham",
            "Harlington Hayes, Middlesex",
            "Darrington Pontefract, West Yorkshire",
            "Harlington Dunstable, Bedfordshire",
            "Dartington Totnes, Devon"
        ],
        "google": [
            "Darlington",
            "Dartington Hall, Totnes",
            "Darrington, Pontefract"
        ]
    },
    "Dartford": {
        "locate": [
            "Dartford Kent",
            "Hartford Huntingdon, Cambridgeshire",
            "Hartford Cramlington, Northumberland",
            "Hartford Bridge Bedlington, Northumberland",
            "Hartford Bridge Hook, Hampshire"
        ],
        "google": [
            "Dartford"
        ]
    },
    "Derby": {
        "locate": [
            "Derbyshire ",
            "Derby Derbyshire",
            "Derryheeny Enniskillen, County Fermanagh",
            "Derrylin Enniskillen, County Fermanagh",
            "Derrygiff Enniskillen, County Fermanagh"
        ],
        "google": [
            "Derby",
            "Derbyshire",
            "Derbyhaven, Isle of Man",
            "Matlock",
            "Darby End, Dudley"
        ]
    },
    "Doncaster": {
        "locate": [
            "Doncaster South Yorkshire",
            "Doncaster Finningley Airport Doncaster, South Yorkshire"
        ],
        "google": [
            "Doncaster",
            "Little Canada, Doncaster"
        ]
    },
    "Dudley": {
        "locate": [
            "Dudley West Midlands",
            "Dudley Cramlington, Northumberland",
            "Dudley Port Tipton, West Midlands",
            "Dudleston Heath Ellesmere, Shropshire",
            "Dudleston Ellesmere, Shropshire"
        ],
        "google": [
            "Dudley",
            "Dudley, Cramlington",
            "Dudley Hill, Bradford",
            "Dudley Port, Tipton",
            "Dudley Wood, Dudley"
        ]
    },
    "Dundee": {
        "locate": [
            "Dundee Angus",
            "Dundee Technology Park Dundee, Angus",
            "Dundrennan Kirkcudbright, Kirkcudbrightshire"
        ],
        "google": [
            "Dundee",
            "Dundee City"
        ]
    },
    "Dunfermline": {
        "locate": [
            "Dunfermline Fife",
            "Dunfermline East Business Parks Dunfermline, Fife"
        ],
        "google": [
            "Dunfermline"
        ]
    },
    "Ealing": {
        "locate": [
            "Tealing Dundee, Angus",
            "Ellingham Bungay, Suffolk",
            "Ellington Huntingdon, Cambridgeshire",
            "Edlingham Alnwick, Northumberland",
            "Eglingham Alnwick, Northumberland"
        ],
        "google": [
            "Ealing, London",
            "West Ealing, London"
        ]
    },
    "East Ham": {
        "locate": [
            "Easthampnett Chichester, West Sussex",
            "Eastham Tenbury Wells, Worcestershire",
            "Eastham Wirral, Merseyside",
            "Easthampton Leominster, Herefordshire",
            "East Harting Petersfield, Hampshire"
        ],
        "google": [
            "East Ham, London",
            "Easthampton, Leominster",
            "Easthampstead, Bracknell",
            "East Hampnett, Tangmere, Chichester",
            "Eastham, Birkenhead, Wirral"
        ]
    },
    "East Kilbride": {
        "locate": [
            "East Kilbride Isle of South Uist, Inverness-Shire",
            "East Kilbride Glasgow, Lanarkshire"
        ],
        "google": [
            "East Kilbride, Glasgow"
        ]
    },
    "Eastbourne": {
        "locate": [
            "Eastbourne East Sussex",
            "Easebourne Midhurst, West Sussex"
        ],
        "google": [
            "Eastbourne",
            "Eastbourne, Darlington"
        ]
    },
    "Edinburgh": {
        "locate": [
            "Edinburgh Midlothian",
            "Edinburgh Bioquarter Edinburgh, Midlothian",
            "Edinburgh Airport Edinburgh, Midlothian",
            "Edinburgh Technopole Penicuik, Midlothian"
        ],
        "google": [
            "Edinburgh"
        ]
    },
    "Exeter": {
        "locate": [
            "Exeter Devon",
            "Exeter Business Park Exeter, Devon",
            "Exeter Road Industrial Estate Okehampton, Devon",
            "Exeter Airport Exeter, Devon"
        ],
        "google": [
            "Exeter",
            "Exeter Quay, Exeter",
            "Exeter Road Industrial Estate, Okehampton"
        ]
    },
    "Folkestone": {
        "locate": [
            "Folkestone Kent"
        ],
        "google": [
            "Folkestone"
        ]
    },
    "Gateshead": {
        "locate": [
            "Gateshead Tyne and Wear",
            "Gatesheath Chester, Cheshire",
            "Gatehead Kilmarnock, Ayrshire"
        ],
        "google": [
            "Gateshead",
            "Gatehead, Kilmarnock"
        ]
    },
    "Glasgow": {
        "locate": [
            "Glasgow Lanarkshire",
            "Glasgow Dunbartonshire",
            "Glasgow Prestwick Intnl Airport Prestwick, Ayrshire",
            "Glasgow East Investment Park Glasgow, Lanarkshire",
            "Glasgow Business Park Glasgow, Lanarkshire"
        ],
        "google": [
            "Glasgow",
            "Glasgow City, Glasgow",
            "Port Glasgow"
        ]
    },
    "Gloucester": {
        "locate": [
            "Gloucestershire ",
            "Gloucester Gloucestershire",
            "Gloucester Business Park Gloucester, Gloucestershire",
            "Gloucestershire Airport Cheltenham, Gloucestershire"
        ],
        "google": [
            "Gloucester",
            "Gloucestershire",
            "Cheltenham",
            "Churchdown",
            "Newent"
        ]
    },
    "Gravesend": {
        "locate": [
            "Gravesend Kent",
            "Grovesend Swansea, West Glamorgan",
            "Grovesend Bristol, Avon"
        ],
        "google": [
            "Gravesend"
        ]
    },
    "Greenhithe": {
        "locate": [
            "Greenhithe Kent"
        ],
        "google": [
            "Greenhithe"
        ]
    },
    "Greenock": {
        "locate": [
            "Greenock Renfrewshire",
            "Greenoak Goole, North Humberside",
            "Green Rocks Penzance, Cornwall"
        ],
        "google": [
            "Greenock",
            "Greenock West, Greenock"
        ]
    },
    "Grimsby": {
        "locate": [
            "Grimsby South Humberside",
            "Grimsay Island Isle of Benbecula",
            "Grimsay Isle of North Uist, Inverness-Shire"
        ],
        "google": [
            "Grimsby"
        ]
    },
    "Guildford": {
        "locate": [
            "Guildford Surrey"
        ],
        "google": [
            "Guildford",
            "Gilford, Craigavon"
        ]
    },
    "Hamilton": {
        "locate": [
            "Hamilton Lanarkshire",
            "Hamiltonsbawn Armagh, County Armagh",
            "Hamilton Leicester, Leicestershire",
            "Hamilton Intnl Technology Park Glasgow, Lanarkshire"
        ],
        "google": [
            "Hamilton",
            "Hamilton, Leicester",
            "Hamiltonsbawn, Armagh"
        ]
    },
    "Hammersmith": {
        "locate": [
            "Hammersmith Ripley, Derbyshire"
        ],
        "google": [
            "Hammersmith, London"
        ]
    },
    "Harlow": {
        "locate": [
            "Harlow Essex",
            "Harlow Hill Newcastle Upon Tyne, Tyne and Wear",
            "Harlow Innovation Park Harlow, Essex",
            "Harlow Green Gateshead, Tyne and Wear",
            "Harlow Wood Mansfield, Nottinghamshire"
        ],
        "google": [
            "Harlow",
            "Harlow Wood, Mansfield",
            "Harlow Hill, Newcastle upon Tyne",
            "Harlow Green, Gateshead"
        ]
    },
    "Harrogate": {
        "locate": [
            "Harrogate North Yorkshire"
        ],
        "google": [
            "Harrogate",
            "Harrowgate Hill, Darlington"
        ]
    },
    "Harrow": {
        "locate": [
            "Harrow Middlesex",
            "Harrow Hill Drybrook, Gloucestershire",
            "Harrowby Grantham, Lincolnshire",
            "Harrow Weald Harrow, Middlesex",
            "Harrowden Bedford, Bedfordshire"
        ],
        "google": [
            "Harrow",
            "Harrowbarrow, Callington",
            "Harrowden, Bedford",
            "Harrowgate Hill, Darlington",
            "Harrow Hill, Drybrook"
        ]
    },
    "Hartlepool": {
        "locate": [
            "Hartlepool Cleveland"
        ],
        "google": [
            "Hartlepool"
        ]
    },
    "Hastings": {
        "locate": [
            "Hastings East Sussex",
            "Hastings Ilminster, Somerset",
            "Hastingwood Harlow, Essex",
            "Hastingleigh Ashford, Kent"
        ],
        "google": [
            "Hastings",
            "Hastings Hill, Sunderland",
            "Hastings, Ilminster"
        ]
    },
    "Hemel Hempstead": {
        "locate": [
            "Hemel Hempstead Hertfordshire",
            "Hemel Hempstead Industrial Estate Hemel Hempstead, Hertfordshire"
        ],
        "google": [
            "Hemel Hempstead",
            "Hemel Hempstead Industrial Estate, London, Hemel Hempstead"
        ]
    },
    "Hereford": {
        "locate": [
            "Herefordshire ",
            "Hereford Herefordshire",
            "Hertfordshire ",
            "Hertford Hertfordshire",
            "Shereford Fakenham, Norfolk"
        ],
        "google": [
            "Hereford",
            "Herefordshire"
        ]
    },
    "High Wycombe": {
        "locate": [
            "High Wycombe Buckinghamshire"
        ],
        "google": [
            "High Wycombe",
            "Wycombe Marsh, High Wycombe"
        ]
    },
    "Hounslow": {
        "locate": [
            "Hounslow Middlesex"
        ],
        "google": [
            "Hounslow",
            "Hounslow Green, Dunmow"
        ]
    },
    "Huddersfield": {
        "locate": [
            "Huddersfield West Yorkshire"
        ],
        "google": [
            "Huddersfield"
        ]
    },
    "Hull": {
        "locate": [
            "Hull North Humberside",
            "Hullbridge Hockley, Essex",
            "Hulland Ward Ashbourne, Derbyshire",
            "Hulland Village Ashbourne, Derbyshire",
            "Hullavington Chippenham, Wiltshire"
        ],
        "google": [
            "Hull",
            "Hullbridge",
            "Hullavington, Chippenham",
            "Hulland Ward, Ashbourne",
            "Hull Bridge, Beverley"
        ]
    },
    "Ilford": {
        "locate": [
            "Ilford Essex",
            "Ilford Ilminster, Somerset",
            "Milford Haven Dyfed",
            "Alford Lincolnshire",
            "Alford Aberdeenshire"
        ],
        "google": [
            "Ilford",
            "Ilford, Ilminster",
            "Ilfordas"
        ]
    },
    "Inverness": {
        "locate": [
            "Inverness-Shire ",
            "Inverness Inverness-Shire",
            "Inverness Business & Retail Park Inverness, Inverness-Shire",
            "Inverness Airport Inverness, Inverness-Shire"
        ],
        "google": [
            "Inverness"
        ]
    },
    "Ipswich": {
        "locate": [
            "Ipswich Suffolk"
        ],
        "google": [
            "Ipswich",
            "Ipswich Village Development, Ipswich"
        ]
    },
    "Irvine": {
        "locate": [
            "Irvine Ayrshire",
            "Irvine Industrial Estate Irvine, Ayrshire",
            "Irvinestown Enniskillen, County Fermanagh"
        ],
        "google": [
            "Irvine",
            "Irvinestown, Enniskillen",
            "Irvine Industrial Estate, Irvine"
        ]
    },
    "Kent": {
        "locate": [
            "Kenton Exeter, Devon",
            "Kent ",
            "Kentmere Kendal, Cumbria",
            "Kents Hill Milton Keynes, Buckinghamshire",
            "Kentra Acharacle, Argyll"
        ],
        "google": [
            "Kent",
            "Kentford, Newmarket",
            "Kentmere, Kendal",
            "Kents Hill, Milton Keynes",
            "Kentisbeare, Cullompton"
        ]
    },
    "Kings Lynn": {
        "locate": [
            "King'S Lynn Norfolk"
        ],
        "google": [
            "King's Lynn"
        ]
    },
    "Kingston Upon Thames": {
        "locate": [
            "Kingston Upon Thames Surrey"
        ],
        "google": [
            "Kingston upon Thames"
        ]
    },
    "Lancaster": {
        "locate": [
            "Lancaster Lancashire",
            "Ancaster Grantham, Lincolnshire"
        ],
        "google": [
            "Lancaster",
            "Lancaster West Estate, London",
            "Lanchester"
        ]
    },
    "Leeds": {
        "locate": [
            "Leeds West Yorkshire",
            "Leeds Maidstone, Kent",
            "Leedstown Hayle, Cornwall",
            "Leeds Bradford Airport Leeds, West Yorkshire",
            "Leedon Leighton Buzzard, Bedfordshire"
        ],
        "google": [
            "Leeds",
            "Leedstown, Hayle",
            "Leeds, Maidstone"
        ]
    },
    "Leicester": {
        "locate": [
            "Leicestershire ",
            "Leicester Leicestershire",
            "Leicester Forest West Leicester, Leicestershire",
            "Leicester Forest East Leicester, Leicestershire"
        ],
        "google": [
            "Leicester",
            "Leicestershire",
            "Leicester Forest East, Leicester",
            "Waltham on the Wolds, Melton Mowbray"
        ]
    },
    "Lincoln": {
        "locate": [
            "Lincolnshire ",
            "Lincoln Lincolnshire",
            "Lincoln Hill Ross-On-Wye, Herefordshire"
        ],
        "google": [
            "Lincoln",
            "Lincolnshire",
            "Lound, Bourne",
            "Lincolnshire du Nord",
            "Lincolnshire du Nord-Est"
        ]
    },
    "Lisburn": {
        "locate": [
            "Lisburn County Antrim",
            "Gisburn Clitheroe, Lancashire"
        ],
        "google": [
            "Lisburn",
            "Lisburn and Castlereagh"
        ]
    },
    "Liverpool": {
        "locate": [
            "Liverpool Merseyside",
            "Liverpool Airport Liverpool, Merseyside",
            "Liverpool Shopping Park Liverpool, Merseyside"
        ],
        "google": [
            "Liverpool"
        ]
    },
    "Livingston": {
        "locate": [
            "Livingston West Lothian",
            "Livingston Village Livingston, West Lothian"
        ],
        "google": [
            "Livingston",
            "Livingston Village, Livingston"
        ]
    },
    "Llandudno": {
        "locate": [
            "Llandudno Gwynedd",
            "Llandudno Junction Gwynedd"
        ],
        "google": [
            "Llandudno",
            "Llandudno Junction"
        ]
    },
    "Llanelli": {
        "locate": [
            "Llanelli Dyfed",
            "Llanellen Abergavenny, Gwent",
            "Llanelltyd Dolgellau, Gwynedd",
            "Llanelly Hill Abergavenny, Gwent",
            "Llaneilian Amlwch, Gwynedd"
        ],
        "google": [
            "Llanelli",
            "Llanelli, Abergavenny",
            "Llanelly Hill, Abergavenny"
        ]
    },
    "London": {
        "locate": [
            "Londonderry County Londonderry",
            "London Stansted Airport Stansted, Essex",
            "Londonthorpe Grantham, Lincolnshire",
            "London Colney St. Albans, Hertfordshire",
            "London Gatwick Airport Gatwick, West Sussex"
        ],
        "google": [
            "London",
            "Londonderry",
            "London Colney, St Albans",
            "Londonderry, Northallerton",
            "Wembley"
        ]
    },
    "Londonderry": {
        "locate": [
            "Londonderry County Londonderry",
            "Londonderry Northallerton, North Yorkshire"
        ],
        "google": [
            "Londonderry",
            "Londonderry, Northallerton",
            "Londonderry, Oldbury"
        ]
    },
    "Loughborough": {
        "locate": [
            "Loughborough Leicestershire"
        ],
        "google": [
            "Loughborough"
        ]
    },
    "Luton": {
        "locate": [
            "Luton Bedfordshire",
            "Luton Newton Abbot, Devon",
            "Lupton Brixham, Devon",
            "Luson Plymouth, Devon",
            "Uton Crediton, Devon"
        ],
        "google": [
            "Luton",
            "Luton, Newton Abbot",
            "Luton, Honiton",
            "Luton, Chatham",
            "Lutton, Spalding"
        ]
    },
    "Maidstone": {
        "locate": [
            "Maidstone Kent",
            "Mainstone Bishops Castle, Shropshire"
        ],
        "google": [
            "Maidstone"
        ]
    },
    "Manchester": {
        "locate": [
            "Manchester Greater Manchester",
            "Manchester Science Park Manchester, Greater Manchester",
            "Manchester Airport Manchester, Greater Manchester",
            "Lanchester Durham, County Durham"
        ],
        "google": [
            "Manchester",
            "Sale"
        ]
    },
    "Mansfield": {
        "locate": [
            "Mansfield Nottinghamshire",
            "Mansfield Woodhouse Mansfield, Nottinghamshire",
            "Manfield Darlington, County Durham"
        ],
        "google": [
            "Mansfield",
            "Mansfield Woodhouse, Mansfield",
            "Mansfield, Cumnock",
            "Mansfield Urban Area, Mansfield"
        ]
    },
    "Middlesbrough": {
        "locate": [
            "Middlesbrough Cleveland"
        ],
        "google": [
            "Middlesbrough"
        ]
    },
    "Milton Keynes": {
        "locate": [
            "Milton Keynes Buckinghamshire",
            "Milton Keynes Village Milton Keynes, Buckinghamshire"
        ],
        "google": [
            "Milton Keynes",
            "Milton Keynes Village, Milton Keynes"
        ]
    },
    "Motherwell": {
        "locate": [
            "Motherwell Lanarkshire"
        ],
        "google": [
            "Motherwell"
        ]
    },
    "Newcastle-Upon-Tyne": {
        "locate": [
            "Tyne and Wear ",
            "Newcastle Emlyn Dyfed",
            "Newcastle County Down",
            "Newcastleton Roxburghshire",
            "Newcastle Staffordshire"
        ],
        "google": [
            "Newcastle upon Tyne"
        ]
    },
    "Newport": {
        "locate": [
            "Newport Gwent",
            "Newport Dyfed",
            "Newport Shropshire",
            "Newport-On-Tay Fife",
            "Newport Isle of Wight"
        ],
        "google": [
            "Newport",
            "Newport Pagnell",
            "Newport, Pembrokeshire, Newport",
            "Newport, Saffron Walden",
            "Newport-on-Tay"
        ]
    },
    "Newry": {
        "locate": [
            "Newry County Down",
            "New Romney Kent",
            "New Ridley Stocksfield, Northumberland",
            "New Radnor Presteigne, Powys",
            "New Rossington Doncaster, South Yorkshire"
        ],
        "google": [
            "Newry",
            "Newry, Mourne and Down"
        ]
    },
    "Newtownabbey": {
        "locate": [
            "Newtownabbey County Antrim"
        ],
        "google": []
    },
    "Newtownards": {
        "locate": [
            "Newtownards County Down"
        ],
        "google": [
            "Newtownards"
        ]
    },
    "Northampton": {
        "locate": [
            "Northamptonshire ",
            "Northampton Northamptonshire",
            "Forthampton Gloucester, Gloucestershire"
        ],
        "google": [
            "Northampton",
            "Northamptonshire",
            "Moulton Park Industrial Estate, Northampton"
        ]
    },
    "Norwich": {
        "locate": [
            "Norwich Norfolk",
            "Horwich Bolton, Greater Manchester"
        ],
        "google": [
            "Norwich",
            "Norwich Over the Water, Norwich"
        ]
    },
    "Nottingham": {
        "locate": [
            "Nottinghamshire ",
            "Nottingham Nottinghamshire",
            "Cottingham North Humberside",
            "Cottingham Market Harborough, Leicestershire"
        ],
        "google": [
            "Nottingham",
            "Nottinghamshire",
            "Nottinghamshire, Nottingham",
            "Nottingham, Lybster",
            "Notting Hill, London"
        ]
    },
    "Oldham": {
        "locate": [
            "Oldham Greater Manchester",
            "Oldhamstocks Cockburnspath, Berwickshire",
            "Oldhall West Industrial Estate Irvine, Ayrshire",
            "Old Hartley Whitley Bay, Tyne and Wear",
            "Old Hawkinge Folkestone, Kent"
        ],
        "google": [
            "Oldham",
            "Oldhamstocks, Cockburnspath",
            "Oldham Edge, Oldham"
        ]
    },
    "Omagh": {
        "locate": [
            "Omagh County Tyrone",
            "Magherafelt County Londonderry",
            "Maghera County Londonderry",
            "Maghercashel Ballycastle, County Antrim",
            "Maghernahar Ballycastle, County Antrim"
        ],
        "google": [
            "Omagh"
        ]
    },
    "Oxford": {
        "locate": [
            "Oxfordshire ",
            "Oxford Oxfordshire",
            "Oxford Airport Kidlington, Oxfordshire",
            "Oxford Business Park North Oxford, Oxfordshire",
            "Oxford Business Park South Oxford, Oxfordshire"
        ],
        "google": [
            "Oxford",
            "Oxfordshire",
            "Didcot",
            "Thame"
        ]
    },
    "Peckham": {
        "locate": [
            "Leckhampton Cheltenham, Gloucestershire",
            "Beckhampton Marlborough, Wiltshire",
            "Deckham Gateshead, Tyne and Wear",
            "Leckhampstead Newbury, Berkshire",
            "Leckhampton Hill Cheltenham, Gloucestershire"
        ],
        "google": [
            "Peckham, London"
        ]
    },
    "Perth": {
        "locate": [
            "Perthshire ",
            "Perth Perthshire",
            "Pertenhall Bedford, Bedfordshire",
            "Perton Wolverhampton, West Midlands",
            "Perton Hereford, Herefordshire"
        ],
        "google": [
            "Perth",
            "Perth and Kinross",
            "Perthcelyn, Mountain Ash",
            "Perthy, Ellesmere",
            "Pert, Laurencekirk"
        ]
    },
    "Peterborough": {
        "locate": [
            "Peterborough Cambridgeshire"
        ],
        "google": [
            "Peterborough"
        ]
    },
    "Plymouth": {
        "locate": [
            "Plymouth Devon"
        ],
        "google": [
            "Plymouth",
            "Devonport, Plymouth"
        ]
    },
    "Poole": {
        "locate": [
            "Poole Dorset",
            "Pooley Bridge Penrith, Cumbria",
            "Poole Keynes Cirencester, Gloucestershire",
            "Poole Nantwich, Cheshire",
            "Poolewe Achnasheen, Ross-Shire"
        ],
        "google": [
            "Poole",
            "Pooley Bridge, Penrith",
            "Poolewe, Achnasheen",
            "Poole Keynes, Cirencester",
            "Poole, Nantwich"
        ]
    },
    "Portsmouth": {
        "locate": [
            "Portsmouth Hampshire"
        ],
        "google": [
            "Portsmouth",
            "HM Naval Base, Portsmouth"
        ]
    },
    "Preston": {
        "locate": [
            "Preston Lancashire",
            "Prestonpans East Lothian",
            "Preston Bagot Henley-In-Arden, West Midlands",
            "Preston Patrick Milnthorpe, Cumbria",
            "Preston On The Hill Warrington, Cheshire"
        ],
        "google": [
            "Preston",
            "Prestonpans",
            "Preston Brook",
            "Preston, Hull",
            "Preston Candover, Basingstoke"
        ]
    },
    "Reading": {
        "locate": [
            "Reading Berkshire",
            "Reddingmuirhead Falkirk, Stirlingshire",
            "Redding Falkirk, Stirlingshire",
            "Headingley Leeds, West Yorkshire",
            "Headington Oxford, Oxfordshire"
        ],
        "google": [
            "Reading",
            "Reading Street, Broadstairs",
            "Reading Street, Tenterden",
            "Reading Green, Eye"
        ]
    },
    "Redditch": {
        "locate": [
            "Redditch Worcestershire"
        ],
        "google": [
            "Redditch"
        ]
    },
    "Romford": {
        "locate": [
            "Romford Essex",
            "Rumford Wadebridge, Cornwall",
            "Rumford Falkirk, Stirlingshire",
            "Cromford Matlock, Derbyshire",
            "Comford Redruth, Cornwall"
        ],
        "google": [
            "Romford",
            "Romford, Verwood",
            "Rumford, Falkirk"
        ]
    },
    "Rotherham": {
        "locate": [
            "Rotherham South Yorkshire"
        ],
        "google": [
            "Rotherham"
        ]
    },
    "Rushden": {
        "locate": [
            "Rushden Northamptonshire",
            "Rushden Buntingford, Hertfordshire",
            "Rushenden Queenborough, Kent",
            "Rushen Abbey Isle of Man"
        ],
        "google": [
            "Rushden",
            "Rushden, Buntingford"
        ]
    },
    "Salisbury": {
        "locate": [
            "Salisbury Wiltshire",
            "Salesbury Blackburn, Lancashire",
            "Sarisbury Green Southampton, Hampshire"
        ],
        "google": [
            "Salisbury",
            "Sarisbury, Southampton",
            "Sarisbury Green, Southampton"
        ]
    },
    "Scunthorpe": {
        "locate": [
            "Scunthorpe South Humberside",
            "Sculthorpe Fakenham, Norfolk"
        ],
        "google": [
            "Scunthorpe"
        ]
    },
    "Sheffield": {
        "locate": [
            "Sheffield South Yorkshire",
            "Sheffield Park Uckfield, East Sussex",
            "Shelfield Alcester, Warwickshire",
            "Shedfield Southampton, Hampshire",
            "Sherfield English Romsey, Hampshire"
        ],
        "google": [
            "Sheffield",
            "Sheffield, Penzance",
            "Sheffield Green, Uckfield",
            "Sheffield Lane Top, Sheffield",
            "Sheffield Bottom, Reading"
        ]
    },
    "Shrewsbury": {
        "locate": [
            "Shrewsbury Shropshire"
        ],
        "google": [
            "Shrewsbury"
        ]
    },
    "Slough": {
        "locate": [
            "Slough Berkshire",
            "Slough Green Taunton, Somerset",
            "Loughton Essex",
            "Slaughtergate Gillingham, Dorset",
            "Cloughfold Rossendale, Lancashire"
        ],
        "google": [
            "Slough",
            "Slough Trading Estate, Slough",
            "Slough Green, Taunton",
            "Slough Green, Haywards Heath",
            "Slough Hill, Bury Saint Edmunds"
        ]
    },
    "Southampton": {
        "locate": [
            "Southampton Hampshire",
            "Southampton International Airport Southampton, Hampshire",
            "Southampton Science Park Southampton, Hampshire"
        ],
        "google": [
            "Southampton"
        ]
    },
    "Southend-on-Sea": {
        "locate": [
            "Southend-On-Sea Essex",
            "Southend Henley-On-Thames, Oxfordshire",
            "Southend Campbeltown, Argyll",
            "Southend Wotton-Under-Edge, Gloucestershire",
            "Southend Airport Southend-On-Sea, Essex"
        ],
        "google": [
            "Southend-on-Sea"
        ]
    },
    "Southport": {
        "locate": [
            "Southport Merseyside",
            "South Poorton Bridport, Dorset"
        ],
        "google": [
            "Southport",
            "Stourport-on-Severn"
        ]
    },
    "Stafford": {
        "locate": [
            "Staffordshire ",
            "Stafford Staffordshire",
            "Staffordshire Technology Park Stafford, Staffordshire",
            "Stafford Cross Colyton, Devon",
            "Stanford Ashford, Kent"
        ],
        "google": [
            "Stafford",
            "Staffordshire",
            "Staffordstown, Antrim",
            "Stratford-upon-Avon"
        ]
    },
    "Staines-upon-Thames": {
        "locate": [
            "Staines-Upon-Thames Middlesex",
            "Staines Green Hertford, Hertfordshire",
            "Thames Ditton Surrey",
            "Thames View Industrial Park Abingdon, Oxfordshire",
            "Thame Oxfordshire"
        ],
        "google": [
            "Staines-upon-Thames"
        ]
    },
    "Stevenage": {
        "locate": [
            "Stevenage Hertfordshire"
        ],
        "google": [
            "Stevenage"
        ]
    },
    "Stirling": {
        "locate": [
            "Stirlingshire ",
            "Stirling Stirlingshire",
            "Stillington Stockton-On-Tees, Cleveland",
            "Stillington York, North Yorkshire",
            "Skirling Biggar, Lanarkshire"
        ],
        "google": [
            "Stirling",
            "Stirling, Peterhead"
        ]
    },
    "Stockport": {
        "locate": [
            "Stockport Greater Manchester"
        ],
        "google": [
            "Stockport"
        ]
    },
    "Stoke-On-Trent": {
        "locate": [
            "Trentham Stoke-On-Trent, Staffordshire",
            "Trent Vale Stoke-On-Trent, Staffordshire",
            "Trent Sherborne, Dorset",
            "Trent Lane Industrial Estate Derby, Derbyshire",
            "Stoke Plymouth, Devon"
        ],
        "google": [
            "Stoke-on-Trent",
            "Trentham, Stoke-on-Trent",
            "Trent Vale, Stoke-on-Trent"
        ]
    },
    "Stratford": {
        "locate": [
            "Stratford-Upon-Avon Warwickshire",
            "Stratford Sub Castle Salisbury, Wiltshire",
            "Stratford Enterprise Park Stratford-Upon-Avon, Warwickshire",
            "Stratford St. Andrew Saxmundham, Suffolk",
            "Stratford Tony Salisbury, Wiltshire"
        ],
        "google": [
            "Stratford, London",
            "Stratford-upon-Avon",
            "Stratford St Mary, Colchester",
            "Stratford St Andrew, Saxmundham",
            "Stratford Tony, Salisbury"
        ]
    },
    "Sunderland": {
        "locate": [
            "Sunderland Tyne and Wear",
            "Sunderland Point Morecambe, Lancashire",
            "Sunderland Bridge Durham, County Durham",
            "Sunderlandwick Driffield, North Humberside",
            "Sunderland Cockermouth, Cumbria"
        ],
        "google": [
            "Sunderland",
            "Sunderland Point, Morecambe",
            "Sunderland Bridge, Durham",
            "Sunderland, Cockermouth",
            "Sunderlandwick, Driffield"
        ]
    },
    "Sutton": {
        "locate": [
            "Sutton Surrey",
            "Sutton Dover, Kent",
            "Sutton-In-Ashfield Nottinghamshire",
            "Sutton Coldfield West Midlands",
            "Sutton Hill Telford, Shropshire"
        ],
        "google": [
            "Sutton",
            "Sutton Coldfield, Birmingham",
            "Sutton-in-Ashfield",
            "Sutton on Sea, Mablethorpe",
            "Sutton Bridge, Spalding"
        ]
    },
    "Swansea": {
        "locate": [
            "Swansea West Glamorgan",
            "Swansea Vale Swansea, West Glamorgan",
            "Swansea Enterprise Park Swansea, West Glamorgan",
            "Swansea Airport Swansea, West Glamorgan"
        ],
        "google": [
            "Swansea",
            "Swansea Vale, Llansamlet, Swansea"
        ]
    },
    "Swindon": {
        "locate": [
            "Swindon Wiltshire",
            "Swindon Village Cheltenham, Gloucestershire",
            "Swindon Dudley, West Midlands",
            "Swinton Manchester, Greater Manchester",
            "Slindon Stafford, Staffordshire"
        ],
        "google": [
            "Swindon",
            "Swindon Village, Cheltenham",
            "Swindon, Staffordshire"
        ]
    },
    "Tamworth": {
        "locate": [
            "Tamworth Staffordshire",
            "Tadworth Surrey",
            "Timworth Bury St. Edmunds, Suffolk",
            "Tatworth Chard, Somerset",
            "Tanworth-In-Arden Solihull, West Midlands"
        ],
        "google": [
            "Tamworth",
            "Tamworth In Arden, Solihull",
            "Tamworth Green, Boston"
        ]
    },
    "Taunton": {
        "locate": [
            "Taunton Somerset",
            "Staunton-On-Arrow Leominster, Herefordshire",
            "Staunton Gloucester, Gloucestershire",
            "Taynton Gloucester, Gloucestershire",
            "Staunton-On-Wye Hereford, Herefordshire"
        ],
        "google": [
            "Taunton",
            "Taunton, Ashton-under-Lyne"
        ]
    },
    "Telford": {
        "locate": [
            "Telford Shropshire",
            "Telford Way Industrial Estate Kettering, Northamptonshire",
            "Belford Northumberland",
            "Tetford Horncastle, Lincolnshire",
            "Welford Newbury, Berkshire"
        ],
        "google": [
            "Telford",
            "Telford and Wrekin",
            "Telford Way Industrial Estate, Kettering"
        ]
    },
    "Torquay": {
        "locate": [
            "Torquay Devon"
        ],
        "google": [
            "Torquay"
        ]
    },
    "Truro": {
        "locate": [
            "Truro Cornwall",
            "Trudoxhill Frome, Somerset"
        ],
        "google": [
            "Truro"
        ]
    },
    "Uxbridge": {
        "locate": [
            "Uxbridge Middlesex",
            "Axbridge Avon",
            "Axbridge Somerset",
            "Oxbridge Bridport, Dorset"
        ],
        "google": [
            "Uxbridge"
        ]
    },
    "Wakefield": {
        "locate": [
            "Wakefield West Yorkshire",
            "Wakefield 41 Business Park Wakefield, West Yorkshire",
            "Wakefield 41 Industrial Estate Wakefield, West Yorkshire",
            "Pakefield Lowestoft, Suffolk",
            "Wokefield Green Reading, Berkshire"
        ],
        "google": [
            "Wakefield"
        ]
    },
    "Wallasey": {
        "locate": [
            "Wallasey Merseyside",
            "Wallasea Island Rochford, Essex"
        ],
        "google": [
            "Wallasey"
        ]
    },
    "Walsall": {
        "locate": [
            "Walsall West Midlands",
            "Walsall Wood Walsall, West Midlands",
            "Halsall Ormskirk, Lancashire",
            "Balsall Heath Birmingham, West Midlands",
            "Balsall Common Coventry, West Midlands"
        ],
        "google": [
            "Walsall",
            "Walsall Wood, Walsall"
        ]
    },
    "Warrington": {
        "locate": [
            "Warrington Cheshire",
            "Warrington Merseyside",
            "Warrington Olney, Buckinghamshire",
            "Barrington Cambridge, Cambridgeshire",
            "Harrington Shifnal, Shropshire"
        ],
        "google": [
            "Warrington",
            "Great Sankey",
            "Warringtonas, Peterborough"
        ]
    },
    "Watford": {
        "locate": [
            "Watford Hertfordshire",
            "Watford Northampton, Northamptonshire",
            "Matford Exeter, Devon",
            "Wayford Norwich, Norfolk",
            "Walford Cross Taunton, Somerset"
        ],
        "google": [
            "Watford",
            "Watford, Northampton",
            "Watford Park, Caerphilly"
        ]
    },
    "Wembley": {
        "locate": [
            "Wembley Middlesex",
            "Weobley Hereford, Herefordshire"
        ],
        "google": [
            "Wembley",
            "Wembley Park, Wembley",
            "Wembley Thuaidh, Wembley"
        ]
    },
    "West Bromwich": {
        "locate": [
            "West Bromwich West Midlands"
        ],
        "google": [
            "West Bromwich"
        ]
    },
    "West Thurrock": {
        "locate": [
            "West Thurrock Grays, Essex"
        ],
        "google": [
            "West Thurrock, Grays"
        ]
    },
    "Wigan": {
        "locate": [
            "Wigan Greater Manchester",
            "Wigland Malpas, Cheshire"
        ],
        "google": [
            "Wigan",
            "Wiganthorpe, York"
        ]
    },
    "Winchester": {
        "locate": [
            "Winchester Hampshire",
            "Binchester Moor Spennymoor, County Durham",
            "Binchester Bishop Auckland, County Durham"
        ],
        "google": [
            "Winchester"
        ]
    },
    "Woking": {
        "locate": [
            "Woking Surrey",
            "Wokingham Berkshire",
            "Workington Cumbria"
        ],
        "google": [
            "Woking",
            "Wokingham",
            "Workington"
        ]
    },
    "Wolverhampton": {
        "locate": [
            "Wolverhampton West Midlands"
        ],
        "google": [
            "Wolverhampton"
        ]
    },
    "Worcester": {
        "locate": [
            "Worcestershire ",
            "Worcester Park Surrey",
            "Worcester Worcestershire"
        ],
        "google": [
            "Worcester",
            "Worcestershire",
            "Worcester Park"
        ]
    },
    "Wrexham": {
        "locate": [
            "Wrexham Clwyd",
            "Wrexham Industrial Estate Wrexham, Clwyd",
            "Wrexham Technology Park Wrexham, Clwyd",
            "Wroxham Norwich, Norfolk",
            "Wretham Thetford, Norfolk"
        ],
        "google": [
            "Wrexham"
        ]
    },
    "Yeovil": {
        "locate": [
            "Yeovil Somerset",
            "Yeovilton Yeovil, Somerset",
            "Yeovil Marsh Yeovil, Somerset",
            "Yeo Vale Bideford, Devon"
        ],
        "google": [
            "Yeovil",
            "Yeovilton, Yeovil",
            "Yeovil Marsh, Yeovil"
        ]
    },
    "York": {
        "locate": [
            "York North Yorkshire",
            "Yorkletts Whitstable, Kent",
            "Yorkley Lydney, Gloucestershire",
            "York Road Business Park Malton, North Yorkshire",
            "York Business Park York, North Yorkshire"
        ],
        "google": [
            "York",
            "Yorkley, Lydney",
            "Yorkletts, Whitstable",
            "York Town, Camberley",
            "Halifax"
        ]
    }
}